{"cameraMode":{"drawMode":0,"name":"Shaded","section":"Shading Mode"},"sceneLighting":true,"audioPlay":false,"sceneViewState":{"showFog":true,"showMaterialUpdate":false,"showSkybox":true,"showFlares":true,"showImageEffects":true,"showParticleSystems":true},"in2DMode":false,"pivot":{"x":-24.4385986328125,"y":-1.6630172729492188,"z":-21.349273681640626},"rotation":{"x":0.1582202911376953,"y":0.03701835498213768,"z":-0.005935638677328825,"w":0.9866951704025269},"size":69.15640258789063,"orthographic":false}